{"cameraMode":{"drawMode":0,"name":"Shaded","section":"Shading Mode"},"sceneLighting":true,"audioPlay":false,"sceneViewState":{"m_AlwaysRefresh":false,"showFog":true,"showSkybox":true,"showFlares":true,"showImageEffects":true,"showParticleSystems":true,"showVisualEffectGraphs":true,"m_FxEnabled":true},"in2DMode":false,"pivot":{"x":9.947541236877442,"y":6.295899391174316,"z":-2.0675976276397707},"rotation":{"x":0.11623898148536682,"y":-0.15222705900669099,"z":0.018029524013400079,"w":0.9813295006752014},"size":5.486326694488525,"orthographic":true}