{"cameraMode":{"drawMode":0,"name":"Shaded","section":"Shading Mode"},"sceneLighting":true,"audioPlay":false,"sceneViewState":{"m_AlwaysRefresh":false,"showFog":true,"showSkybox":true,"showFlares":true,"showImageEffects":true,"showParticleSystems":true,"showVisualEffectGraphs":true,"m_FxEnabled":true},"in2DMode":false,"pivot":{"x":-2.8746793270111086,"y":1.0993099212646485,"z":9.226702690124512},"rotation":{"x":0.062353264540433887,"y":-0.014369161799550057,"z":0.0008980410057120025,"w":0.9979526996612549},"size":0.8644024729728699,"orthographic":true}