{"cameraMode":{"drawMode":0,"name":"Shaded","section":"Shading Mode"},"sceneLighting":true,"audioPlay":false,"sceneViewState":{"m_AlwaysRefresh":false,"showFog":true,"showSkybox":true,"showFlares":true,"showImageEffects":true,"showParticleSystems":true,"showVisualEffectGraphs":true,"m_FxEnabled":true},"in2DMode":false,"pivot":{"x":3.7507758140563967,"y":1.486057996749878,"z":4.1587419509887699},"rotation":{"x":-0.06950228661298752,"y":0.0985952764749527,"z":-0.006899657659232616,"w":-0.9926868081092835},"size":0.6426989436149597,"orthographic":true}