{"cameraMode":{"drawMode":0,"name":"Shaded","section":"Shading Mode"},"sceneLighting":true,"audioPlay":false,"sceneViewState":{"m_AlwaysRefresh":false,"showFog":true,"showSkybox":true,"showFlares":true,"showImageEffects":true,"showParticleSystems":true,"showVisualEffectGraphs":true,"m_FxEnabled":true},"in2DMode":false,"pivot":{"x":-2.865269184112549,"y":1.0534617900848389,"z":9.326399803161621},"rotation":{"x":0.0006015594117343426,"y":-0.9954380393028259,"z":0.09525399655103684,"w":0.0062780422158539299},"size":0.8242542743682861,"orthographic":true}